sectors,1981,1982,1983,1984,1985,1986,1987,1988,1989,1990,1991,1992,1993,1994,1995,1996,1997,1998,1999,2000,2001,2002,2003,2004,2005,2006,2007,2008,2009,2011,2012,2013,2014,2015,2016,2017,2018,2019
AGRICULTURE,17052.175624556425,20125.923754417476,23797.8155681268,30365.184995421958,34237.08669997573,35702.63524357086,50286.93789395795,73764.50583973389,88264.12610779467,106626.69200092855,123235.64639888333,184115.6516268297,295324.5856861284,445272.89420676226,790141.6171408817,1070514.7286198842,1211461.962369235,1341040.897667281,1426973.8110564484,1508408.787946974,2015421.5326357554,4251520.647841029,4585925.698446884,4935263.7542782305,6032332.405953133,7513297.800875078,8551981.398922756,10100325.190493565,11625442.332889276,14037825.837685227,15815997.511976058,16816553.01213238,18018612.872645717,19636969.04316013,21523512.498657286,23952554.20335562,27371295.757518433,31904140.862671368
       1. Crop Production,12817.212762063724,14324.073818349172,16351.856487684392,21497.545592200462,25066.49391185124,25972.389302349988,39658.651779843094,61848.64195524387,71883.91731173344,86926.20227502112,101645.80806253744,153379.791289625,249195.9274643068,377308.2888589004,670177.5855640144,906894.1624012386,1026291.4925041043,1133389.0501769325,1204704.9215277429,1270628.7586726854,1699686.6329962548,3875457.917137665,4161565.548604205,4419062.41692409,5372203.915118685,6723216.458280566,7654220.16017697,9039634.01200261,10419603.304442426,12484849.1909633,14071235.469202999,14862324.872371,15812570.600408262,17189973.04345526,18883081.499024697,21096105.254235357,24207797.93441045,28296926.969646882
       2. Livestock,2525.0250412388464,3962.6890665702613,5193.1507628340505,6619.808181509294,7162.60845680704,7389.412605524429,8373.793797596383,8889.891216691996,11790.99011250946,14145.871359188348,15576.049708487475,23027.478033235915,36575.98948628249,54304.40775527103,97202.2873520387,130407.8438078707,145029.52899754612,158314.25173649835,164374.29112411503,172190.34288200137,228557.8828384321,271026.105342303,299224.4546361899,360802.9702913095,463420.02932768286,560246.0562256926,642276.4154616422,758839.7687973983,863402.4166309197,1115601.9145731046,1251931.3526200035,1399484.7279330357,1573052.5863058425,1748025.0414386615,1875783.3544421932,1974447.75601662,2048602.1559842555,2108945.0270544672
       3.  Forestry,1159.5725694985244,1165.7296499567958,1265.3892022680777,1379.8410312122644,1467.5030100773743,1571.7585391137136,1589.727607259663,1859.9732220549063,2174.693918032772,2346.0769075973267,2436.642757742402,2991.282172215727,3966.437081817823,5982.24775696108,8253.686439215846,10368.676327060162,12554.396222509346,15881.381198222081,19305.58036095771,24493.946827128042,29980.407688677045,36228.66533841597,44126.9550501158,56394.32913751877,67450.36547808051,80196.0523410553,91496.00894780677,108101.13364658676,121254.66116297693,153045.31085802094,170159.66214635735,187950.1830455097,207739.57887477957,222826.74791279758,236254.9844142551,257209.4551925436,272790.63682032184,285878.6659493886
       4.  Fishing,550.3652517553327,673.4312195412468,987.4191153402786,867.9901904999352,540.4813212400672,769.0747965827296,664.7647092588086,1165.9994457431108,2414.5247655189914,3208.5414591217677,3577.145870116007,4717.100131753072,5586.231653721283,7677.949835629701,14508.057785612755,22844.046083714893,27586.544645075322,33456.21455562813,38589.01804363295,41095.73956515923,57196.60911239137,68807.96002264458,81008.74015637397,99004.03792531113,129258.096028684,149639.23402776348,163988.81433633738,193750.27604697103,221181.95065295405,284329.4212908019,322671.0280066974,366793.22878283326,425250.1070568321,476144.2103534079,528392.6607761425,624791.7379111011,842105.0303034057,1212390.2000206285
MINING AND QUARRYING,13118.937884467858,9127.292225837062,7995.782040522696,9890.767069495809,14001.762141305493,12430.61539985098,22288.525743279926,22559.98377128569,49832.9726462609,63694.15044694216,76781.20812006704,149807.7196397121,144693.76463976418,132904.63134392313,448113.03285469045,675583.1256305205,624633.7719161223,433204.6077069587,600464.492791401,1274481.3859081906,975777.770980654,1051286.4518528422,1598735.3508196247,2476233.3661151556,3301433.544573166,4075352.591660947,4398955.201307826,5310950.956451142,4343062.0856923135,11098977.672369827,11386522.672810974,10380971.6332531,9716760.811653359,6100008.810744786,5469545.1825937955,10481972.50143394,13648664.473602502,12769423.812908303
       5. Crude Petroleum and Natural Gas,5919.9708484771245,4931.24597336555,4280.033707030325,5235.073855176048,6589.224636007656,5537.112026336238,15479.604554902786,17296.377487002035,44331.318484119736,58055.86675718715,67499.31368603515,142978.76664342073,140245.64122769432,126922.2924426828,444016.9073211659,670737.3338756125,619221.6835970866,426799.5971531756,593436.167404099,1266668.2884352063,966793.6437579138,1041995.1670245915,1588085.7621020204,2460552.5707960157,3281467.6864876365,4044969.004254935,4363626.741494769,5270007.134805689,4297072.866529274,11039408.33700639,11315033.2787846,10296327.198933108,9616489.515190031,5990417.057556074,5367322.6821575165,10355946.135916097,13423873.977693303,12400425.69209555
       6. Coal Mining,5325.328569487721,2569.2374677353046,2429.0972422224695,3503.50563782087,6539.877190598956,6539.877190598956,5885.88947153906,4250.920173889321,4204.206765385044,4250.920173889321,7987.992854231582,5558.895612009112,2896.2313272652523,4017.3531313679305,1448.1156636326261,1775.109523162574,1961.9631571796867,2008.6765656839652,2195.5301997010774,2475.810650726748,2242.2436082053564,1448.115663632626,1448.115663632626,1682.9460995151458,1550.9090054404367,1419.3442760755602,1858.1642901072046,2434.3832737760886,2779.8819971488865,3884.380195824967,4599.54458921707,5535.330730222538,6927.352695811049,7983.402867146976,8494.327370213903,9435.227196915668,9782.102408839903,12907.644229411453
       7.  Metal Ores,996.8524608153145,764.4943389102955,623.6347520559576,568.8560238348263,447.2592864648422,110.76138453503495,645.3054577258558,697.676329761443,711.5215028283224,725.9686399415879,548.9912103040863,341.3136143008957,332.8861176514909,395.49037847564114,552.6029945824026,632.0622487053625,595.9444059221989,614.6052913601668,648.3152779577861,694.0645454831265,670.5879476740703,692.8606173903545,687.4429409728799,785.0261994504004,896.7118768462092,1337.0907835211513,1621.6499630979479,1865.7961155063736,2087.4995152371853,2713.736326000444,2904.049539890236,3349.9791605659566,4079.423321213494,4461.516130677785,5742.733416803963,7933.195783666009,10904.019039296585,11143.366100495978
       8. Quarrying and Other Minerals,876.7860056876984,862.3144458259122,663.0163392139439,583.3315526640655,425.40102823403817,242.86479838074968,277.72625911222383,315.00978063289045,585.9258939278029,661.3948759241077,744.9103694962237,928.7437699813812,1219.0059671531496,1569.4953913967643,2095.406875309512,2438.619983039988,2854.1807559338336,3781.728696738961,4184.4799096431025,4643.222276774392,6071.295666860774,7150.308547227706,8514.03011299872,13212.823020174475,17518.2372032426,27627.152346415296,31848.645559851997,36643.6422561714,41121.83765065417,52971.21884161292,63985.79989726661,75759.12442920408,89264.52044630145,97146.83419088743,87985.43964926022,108657.94253726283,204104.3744610629,344947.110482845
MANUFACTURING,28229.474383077035,30305.467163978767,33493.51401340152,29416.49527457381,39546.80089004652,41625.67331445238,45959.53982031399,66341.21078451393,76143.69587820969,87960.48238981573,115029.70949387904,159954.87803278066,231021.59442481637,370156.41372957005,619852.1865451962,780482.5926923304,848327.1882493814,838526.9856827232,891286.5790572478,984081.3866244893,1146682.8564935953,1358529.8228258644,1635053.2954882802,1968557.4519407684,2326311.5114205824,2689075.876276508,2913257.6830020836,3263824.7976981844,3406688.160432697,4527445.058829456,5588821.693835975,7233322.484416797,8685430.02576487,8973773.153378075,8903236.283946073,10044484.948909488,12455527.905270096,16781064.043958727
       9.  Oil Refining,87.64818905016001,85.87813427341162,59.28079760767429,63.46337633827291,105.48076176373395,45.44234453363472,191.70644276694944,238.58790325863058,710.7099065215857,727.9364228747362,990.3934299212572,2005.7515134815706,1944.3110158566028,1778.978415226911,6464.255880386137,10155.43036516178,9091.564441829452,6079.808007946063,9560.316813871446,18186.00279457461,57427.90282425957,57462.94305656837,72273.9332215775,93454.11060261226,120840.80475811563,155883.0899574097,172103.97197596132,198015.1702822218,224552.49864432693,291747.085647078,254697.93073795552,412300.0960898858,385815.1127320048,248020.06116387335,276591.9941252158,211840.22066584404,210659.3424321964,148785.0658848105
       10. Cement,1933.090049955277,2549.284402521729,928.5104679914688,605.1946658426037,3530.686321671245,4790.593565406715,4225.3821575403,5668.541081443351,8949.692143874952,6762.163310474971,8149.033063756825,9957.175709694518,12892.468619719133,14706.836144419556,18756.631526464575,20551.738791801195,23294.180649620394,22647.934559400088,24064.257192709123,25612.77714481839,32125.85462407736,35268.923408832154,42128.10117381565,54473.24238346374,84552.18176617753,117269.7922794556,148350.5929341522,170685.62404150848,194493.4916314737,251080.00247205986,300680.5432552021,450753.8548048105,604612.4459659858,749930.4059391943,649600.7142849413,846353.1328989196,1345750.667061518,2241424.323664491
"       11. Food, Beverage and Tobacco",18370.35489419308,19542.417468328622,22265.379903595192,19545.591639145507,24751.54919592199,24981.874965822357,28664.587624709948,42563.48808915421,46718.715751270654,56724.97183442546,74958.36125786982,104543.41874234183,152482.48414129988,249845.01592173334,417218.96374191804,525937.3296825762,571775.094000755,564312.2216389014,599014.0424801953,659895.0751965769,745746.3451043507,899040.6591132856,1090199.5606726971,1316509.5742928374,1536833.8629909954,1758478.5719656295,1903228.315905076,2133518.9239156707,2207111.2652725508,2667543.918821036,3158989.325000564,3814496.473232939,4241783.641483739,4291523.029270251,4101673.55360759,4568843.852098353,5332358.787948344,6382608.611484244
"       12. Textile, Apparel and Footwear",2817.616109322121,2997.3852215161255,3415.0289124995425,2997.872070838248,3796.353644052567,3831.6806479891343,4396.52931713304,6528.320786380158,7165.643062738633,8700.386865799921,11496.995426872423,16034.704961804673,23387.523332050107,38320.83515803191,63992.387742357074,80667.43953193392,87697.96365093374,86553.32003845675,91875.83068065165,101213.66762075713,114381.40022533352,137893.44074424537,167213.09208339156,201924.1656445551,235717.15814178225,269712.6746219976,291914.1624371817,327235.7732984584,338523.2507437321,609678.3512379756,928444.276562969,1303679.1388859295,1815731.0233164798,1871579.8367832392,2027013.1991774738,2344799.6335545676,2965689.274336558,3921871.1086008754
       13. Wood and Wood Products,986.1157430842541,1049.0317489476067,1195.199645033936,1049.202137589078,1328.6565484664911,1341.020374263267,1538.707405956524,2284.7966697998713,2507.84818063418,3044.981334008948,4023.744807213705,5611.862789338947,8185.219013044864,13411.613708640847,22396.2025137172,28232.175353325598,30692.734296377377,30292.129301697678,32154.91377387499,35422.991345736635,40031.46457923919,48260.26240269853,58521.62117035172,70669.88224281344,82496.83120054816,94394.65996597419,102164.78755078327,114526.72586670975,118477.14309057021,139411.15496523763,178520.82201608008,204087.66415049462,238546.9979965543,259258.647022345,275101.43542322505,305125.8283045624,350355.3570865415,433422.90008029214
"       14. Pulp, Paper and Paper  Products",194.65279256734476,207.07200027635167,235.92458614817716,207.10563387881336,262.26810527635496,264.70864355498685,303.73076955115795,451.00390633061363,495.03281447324923,601.059382873719,794.2608854948381,1107.7449793398773,1615.7086526995827,2647.364753610239,4420.863770579072,5572.846606816879,6058.544835346894,5979.4680317589755,6347.169492772381,6992.266612609382,7901.949061819089,9526.259886427428,11551.78493626779,13949.77214940754,16284.334454410524,18632.887969472275,20166.660291428223,22606.825993695842,23386.612494239398,30446.433815310203,33547.9478364381,50642.65187133574,59929.1582744805,66090.92874957387,70712.7014332685,86192.50839979644,128587.18717556467,206207.71353630768
       15. Chemical and  Pharmaceutical Products ,201.1420546589084,213.97528927567433,243.78975187822715,214.01004414261203,271.01150140722353,273.5334014393943,313.8564324964141,466.0393061001074,511.5360335366487,621.0972760712266,820.7396582217705,1144.674567694297,1669.5725442610014,2735.621610917853,4568.244875673985,5758.632085415675,6260.522340069583,6178.8093035405545,6558.769058516739,7225.3721851770815,8165.381288092385,9843.842780256138,11936.894027630475,14414.824442781555,16827.215513899,19254.064228810126,20838.96887953816,23360.48391453308,24166.266646164557,41450.688480525976,69687.12018547335,109025.2229225104,154617.9584082852,190128.51871980584,197727.52927715713,225125.81280577823,279933.9917619893,460435.9652352969
       16. Non-Metallic Products,475.92534329338605,506.2902592772964,576.8347228569784,506.372493308397,641.244527716553,647.2116345982929,742.6205854066418,1102.7028490885593,1210.3533633516265,1469.587922993277,1941.9648678446702,2708.4322943451075,3950.401558878763,6472.7968325902875,10808.995236676137,13625.588924202526,14813.119260147554,14619.776773776066,15518.805458410734,17096.065482100243,19320.235637677702,23291.66947441257,28244.070577834238,34107.140265015005,39815.13629113902,45557.34077306005,49307.408312462176,55273.60424639759,57180.179297656316,103191.52340344363,126881.5774957895,182406.2376940322,259283.11347182404,315595.0542153127,344090.8487106066,418240.1139774806,590216.5399809021,927241.2018972761
       17. Plastic and Rubber products,270.61370397744247,287.8793581418275,327.99131866970225,287.9261168531731,364.6150793311907,368.00800832321016,422.2580497103374,627.002757015148,688.2134170699682,835.6155787160282,1104.2116442989052,1540.029135815592,2246.219523946291,3680.4670115684876,6146.052691857376,7747.5829762220255,8422.819097441894,8312.88352222933,8824.07605643522,9720.914569367798,10985.589654564643,13243.76824455759,16059.730086187757,19393.502971124813,22639.100140271,25904.14842094346,28036.456946437545,31428.86796864724,32512.956773336195,81995.97592692431,120268.24199290943,161983.5992520434,221951.1739638028,267160.0965649751,291442.5844890577,327230.57043464336,389827.60819588776,648171.4338223027
       18. Electrical and Electronics,20.032962172552878,21.311102162050005,24.280506061820105,21.31456361090443,26.99168587704996,27.242857259549314,31.258873488566067,46.4156926598878,50.94698881899666,61.858860187691974,81.74246084217633,114.0051112304155,166.28289732960727,272.45721608476356,454.9793276424718,573.5372392830043,623.5235462405653,615.3852473027009,653.2277532442762,719.6188182214014,813.2400494079432,980.4082511926113,1188.8679715378596,1435.6601521045668,1675.9248702663274,1917.6295132201171,2075.479819407847,2326.6128576938286,2406.8656671296444,4775.2022680140235,4848.253810670244,5222.569502500635,5755.272068603666,6020.504678019316,6199.485290918041,6629.760470672394,9007.811647911516,15296.491315754727
"       19. Basic metal , Iron and Steel",616.428993644804,672.9122298423022,863.6658034860163,679.2447495744741,932.4345949297322,1272.0736497525545,1069.4355743923647,1083.6043006647692,1357.353466894039,1776.3970511928887,2491.2784882949372,3336.75724279698,4639.601666495047,7010.8972427840135,12946.6216775303,16886.004203653916,19126.608313628865,20527.218146729887,22000.3243248252,22583.613679342998,23644.367969800063,27621.32383716707,28049.14097389712,31384.43663878907,33398.00090718722,36733.73585766004,40977.83482561564,45978.28941305907,44591.269834414015,106043.27976997042,136352.54358157935,162154.68188778457,195763.19658760796,207303.23927965312,219570.3746658517,243378.21533871436,282306.36473048956,452671.0105024802
       20. Motor vehicles &  assembly,174.95616696337245,186.11869357720502,212.0517293407155,186.14892384562427,235.72958708014502,237.92317093232165,272.9967062307678,405.3674940718493,444.9411827028658,540.2390808679188,713.8908117489975,995.6539179430117,1452.217505218039,2379.481864794386,3973.5231627882267,5008.9385749048115,5445.48972448625,5374.414584648884,5704.908883534837,6284.729588479232,7102.362628151754,8562.311864339927,10382.877057031723,12538.215522535414,14636.546951709166,16747.453841274597,18126.026030785233,20319.27500704395,21020.156075255083,27882.35717589871,39275.19368200538,51104.6143279415,67142.77548132867,70056.33717419527,52793.54982233324,60296.77359991357,114018.87818039855,198974.65056904854
       21. Other Manufacturing,2080.897380194331,1985.9112558385636,3145.575868232067,3053.0488596061,3299.7793365522357,3544.360050576959,3786.4698809309684,4875.339948546771,5332.70956632231,6094.18746932895,7463.092691498724,10854.667066953803,16389.58395401746,26894.04784916744,47704.46439760545,59765.348357032824,65025.024092504034,67033.61652633476,69009.93708820599,73128.29158672749,79036.76284682145,87534.0097618812,97303.62153605939,104302.92463272864,120594.41343408103,128589.82688160107,115967.0170932538,118548.6208925444,118266.20426184773,172199.0848459813,236627.91767833824,325465.6797945885,434498.1560141718,431106.4938176367,390718.31363843416,400428.5263602442,456816.09473179723,743953.56736555
"22. ELECTRICITY, GAS ,STEAM AND AIR CONDITIONING SUPPLY",803.5015873833062,858.0619800343753,820.0027793070444,803.5015873833062,889.2013260840101,668.8305694250575,699.5973079151239,705.1864213086479,2021.2097068781193,2203.6011072867914,2421.736218588334,2527.0776986434225,2641.228685999733,3045.215125048796,3172.6469104211465,3300.4779181787485,3291.0828847124912,3158.9935048455377,3268.5135125329275,3379.2844170274398,41074.21366811158,47292.82871455597,56516.236745626775,67908.3251564552,74271.11240562359,109052.07940481766,116627.51052378515,134186.4461285736,158660.1346535624,275853.5368374283,375844.0500826447,492675.20993815816,531954.5866629871,536673.0689891047,524676.911791281,667917.8070219452,871553.0728196141,1037774.371559873
"23. WATER SUPPLY,SEWERAGE, WASTE MANAGEMENT AND REMEDIATION",2284.3080642703612,2408.4715019484493,3525.9424410512393,3183.371028662298,2767.498309692318,3232.7372147270794,3491.2365163026657,4224.399176616289,4600.4797577279915,5236.256396441091,5797.08618903766,6816.871917533471,9101.030387300607,9738.302971045972,10819.27285136147,11461.930837222993,11982.818897458057,12471.992923009075,13186.456270419374,13920.516497752356,14468.780352077887,15787.007114510792,17390.959378106523,19663.20653470943,22162.400085270998,24542.991720756465,29289.48898740335,33699.259834729295,37923.076390258735,45262.81943342229,47814.31759442465,70591.52452050781,90037.36890769222,105866.49023859616,137147.28173803797,163750.90674368764,211523.43003660766,294533.89000760205
24. CONSTRUCTION,10236.31042305763,9184.255439079474,8327.845767911293,7035.848419166188,5655.256966507134,7087.528313115992,8028.840667201709,9106.735598154766,14228.397659630175,16060.44990015073,18089.181051360254,22553.548690214087,29601.874112348156,38112.44521958197,50883.9497545572,59218.55082289193,69309.16085922108,91834.5440072325,101615.66530722227,112971.95286059208,150403.73696264517,177134.34999556214,217444.7041906193,613065.5512104089,796557.4315419645,924081.7956000334,983630.776457554,1131721.9106415173,1283472.8464813938,1905574.9025212638,2188718.586891682,2676284.4740835372,3188822.9009887404,3472255.134934632,3606560.1780185173,4281776.106989306,6031060.772517983,8996895.17789731
25.  TRADE,12493.94376527894,12801.984833359988,16071.79705257674,16630.213374624942,17771.071829231063,18359.472053284142,28660.315848114922,40136.412534819356,62613.83500054715,69325.99261445258,80844.72447536264,120508.68743684972,195086.66032647612,306405.49458781374,529869.1712495909,690699.5137022914,758966.8037536314,859831.7602531961,939496.2409678351,1020391.6479098126,1243262.5911900855,1494237.000897111,1783848.4732830888,2871533.8457112866,3614029.9260275518,5303851.524519623,5889948.477086881,6776713.333818065,7897086.133387971,10325565.302720092,11843529.1735978,13702835.1246374,15704127.447973754,18028895.257534664,20675860.006446186,21573729.245444223,21918444.659829147,22509263.969360717
26. ACCOMMODATION AND FOOD SERVICES,840.3542986522267,861.0877894439546,891.3241301818916,1063.455298525717,1024.1480555663993,1055.6802394788187,1059.0710291187163,1068.5306842924422,1128.1610677049016,1192.9100316565691,1281.3513283150342,1633.6910874569614,2628.7042689837353,4294.899422733979,5856.1096819648565,7189.057166010558,9255.99182146967,10507.365977681664,12506.29046386666,13941.674350855239,17318.209715833116,20884.73728757644,24667.411500823524,76130.28976099282,99520.83498716523,124426.5755141462,157314.1352347372,185864.2547545024,213731.43707650213,283376.42726635083,353222.8025377567,648392.2532695994,819784.7841836599,893669.5626507221,925064.2541084437,984203.2043791604,1144365.871581712,1398702.8833519283
TRANSPORTATION AND STORAGE,5755.402906661469,5922.821716932027,5809.6092234906955,5847.490489731301,7276.375103635553,7478.101779021631,7504.0867222038505,7885.38692212413,7956.807990439734,8938.536788963364,9852.253282624046,13539.52520975478,21893.19418151648,41098.58753824809,62169.31976252792,79702.25183623143,92044.38896905229,116874.85190315072,138312.15014529345,154385.99566682635,173058.5949011133,216480.82567473123,268654.9405506202,428426.528065763,452561.5171696929,519926.8279031894,558982.9778558359,565855.8560423823,599496.5677835393,779353.6980109328,917315.742049272,1051221.5125212264,1197435.6599113957,1361065.26791414,1573520.124931241,1787490.8920297096,2328367.7875785516,3052569.7758335243
        27.  Road Transport,2609.9641075942745,2137.036412677978,2087.4552833722373,2344.222715455587,3399.4482434626075,3557.1655914351677,3847.6078086261714,4161.651540762714,4508.943794904282,5233.6359391730775,5938.338587418609,9030.955919139149,15197.603267815619,33457.88449311716,52371.41392319693,68002.06685093293,78158.78362411409,101032.91423736679,119142.8591968413,130501.2340912324,145790.6746227643,180241.87553695674,231008.45374855754,386904.45894929185,406750.6420272065,466915.4324579604,499165.2661615185,505155.24879418494,533846.5792587423,670804.0877312201,784810.7415144029,893127.8345632643,1017156.3706411285,1156293.3261294472,1358682.9718699977,1564813.72046611,2058938.2657392784,2727534.6154418844
        28.  Rail Transport & Pipelines,1044.5415578953568,1211.7059844301475,1043.5971261070245,1032.263944647039,1241.9278016567762,1306.4324927998616,885.1214720248901,753.6565670890552,554.6647892874711,565.8090843897904,559.9536073021311,403.1779304389943,554.6647892874711,26.916305967466247,23.04413563530444,27.76629457696518,34.566203452956664,37.11616928145346,39.571691931117044,42.499430474946706,46.56048716477494,50.621543854603196,55.91036186926323,60.4934893377593,65.59067074935889,71.09992470274881,90.16745258694209,91.20971710760524,96.53064346938903,135.61036491612745,185.49574268892468,216.43301229206958,252.49972152863748,282.0952268876908,309.7285148462399,328.5055502002016,343.84037330413486,359.2149850320776
        29. Water Transport,704.7975348471524,882.7369725844325,998.6397015867766,821.3055000322761,765.9263893079187,803.1484145488804,852.4449016363003,942.6553546796391,835.468026709325,849.75160062293,1009.9273563956209,945.7117974026773,1393.1023837135538,1316.5400065919007,1520.5953856161318,1722.9258415194406,1942.6568376776713,2030.9607967452528,2127.4354442803633,2307.341899611678,2528.101797280634,2509.702617324126,2549.254801868789,2753.583177063724,2974.365476200693,3211.52547062953,3542.745256449499,3585.267249757564,3777.827759428276,5041.064350500894,5570.356010413554,6220.463749077447,7148.850192928645,8071.977386297005,8924.897832155168,9429.630036212875,9858.52805580005,10124.855853309786
        30. Air Transport,692.353571195159,907.9133717201199,898.4443365549407,942.4474999695967,1102.8640957091027,1022.0987957708098,1108.322715980794,1174.8287629644644,1183.7407960611035,1384.3172409423396,1405.0934180988802,1928.675362526434,2821.772479223391,3809.5599475721406,4640.217132385768,5257.431124534889,6371.825163062769,6824.27794333777,7694.426574810881,9201.507071659425,10526.169391061138,14032.163211279007,15368.689674740615,16763.729961071167,18285.373729637617,22413.100490424433,25442.65887106597,25747.981136755498,29204.146004839058,56494.784187846875,65608.82252319754,76914.10447653146,84407.81022428558,95735.97649682997,94500.58869648392,105862.49708920378,149352.7017933905,198618.94596743255
        31. Transport Services,76.82640981720824,81.11587045657876,92.06484391738447,104.78301126057644,97.85645030595087,107.31996852588507,118.12540361510094,126.7126701480042,137.24104279903503,153.53431702531327,176.1766606181928,216.18214002094462,362.6914220925183,898.041145648446,1910.6342570797394,2832.01874767069,3515.403265759042,4743.681140063212,6843.9880027922545,8625.145641545469,9961.971905788201,12309.124710431774,12799.132999073638,14096.451348625815,15525.267657322529,17098.908787068744,18949.865663268938,19177.259296746346,20289.00378324473,30013.854039923426,42177.540219148286,53053.24284375492,63545.96995391467,72952.66068309883,82245.89880189403,86428.78826038307,89008.39544976322,93525.31250959406
        32. Post and Courier Services,626.9197253123177,702.3131050627698,689.407931952332,602.4678183662251,668.3521231931968,681.936515941026,692.4644203205935,725.8820264802534,736.7495406785166,751.4886068099114,762.7636527906097,1014.8220602265803,1563.3598393839236,1589.6456393509734,1703.4149286140428,1860.0429769965133,2021.1538749857675,2205.901616356245,2463.869234637521,3708.267532302416,4205.116697054268,7337.338054884987,6873.49896451036,7847.811140372706,8960.27760857624,10216.760772403606,11792.274450946028,12098.88984783044,12282.480333815469,16864.297336525335,18962.786039420957,21689.433876306284,24924.159177609676,27729.231991579494,28856.039215863995,20627.750627599977,20866.056167015475,22406.83107627147
INFORMATION AND COMMUNICATION,16289.534309765573,17312.142741495765,17119.484999372427,17776.763587098412,17841.925742728803,18812.132115345885,20217.217685067604,21737.24377230525,23270.200332017328,27137.776450754714,33203.63231195241,38603.49921903971,47911.06623799498,53542.15380327761,65037.08635557389,77810.13291972177,91367.39166365677,110105.76414132872,137306.99427920138,163539.6115472215,255198.30416832858,320316.89413730055,399227.0079564649,547723.044244875,788409.419339203,1948340.778297585,2744789.284517863,2856348.104044802,2979483.196013447,6379560.1032514,7266722.681437329,8359406.862690673,9588575.787749488,10781076.874020163,11479495.600162854,11717555.45851104,12979873.092525022,15402792.007361101
          33. Telecommunications,543.9255079148159,632.6450648460435,364.8280845770107,517.3925563092153,726.3395502033213,757.8474302349724,826.9989353570693,902.4520164854963,920.4446742930444,1138.0977929327382,1160.982463692569,1441.9000888168675,1790.8913179042852,1808.883975711833,2279.014711973572,2751.7987433958706,3208.4142574335065,3469.929661696209,3741.5607537585474,4088.976588844382,52005.54407879992,72436.72948300694,101113.30217658593,169595.95429728064,316687.3325402797,1359978.499709949,2005019.6369773916,2057150.133142731,2107672.91719129,5212685.439125517,5960901.613989538,6621734.160970977,7424575.032868208,8147607.990894443,8529392.52190268,8558115.45468317,9667307.816615107,11890912.181700975
"          34.  Publishing,  ",58.178063830233796,61.88993176331552,70.51342778604848,61.899984215402384,78.38701088309998,79.11644193765447,90.77942250450776,134.79659707994878,147.9560107955858,179.6453607542773,237.389661276962,331.08416923101487,482.9049708870541,791.2476034175637,1321.3131506476273,1665.619184452869,1810.7852628273915,1787.1506914146164,1897.0497521327259,2089.8571653713134,2361.744164254494,2847.2201627635286,3452.611557796202,4169.32489804721,4867.0817244699865,5569.020260803652,6027.436001317248,6756.755699793998,6989.819239259439,12312.09995938709,14215.125129113745,17248.549986954786,20977.63134301492,25142.426751118248,29820.961529363867,32231.879698184835,34733.580295057254,37121.58475538976
"          34. Motion Pictures, Sound recording and  Music production    ",575.5101939730747,607.6427422787624,689.662009549311,784.934390128821,733.0472012305316,803.9388544963871,884.8828691777187,949.2104804745136,1028.0790075999134,1150.1326794131905,1319.7475238937193,1619.4304228583212,2716.9382400852714,6727.267812691347,14312.64970626373,21214.78359701085,26334.048671338587,35535.135112518285,51268.63109193633,64611.36545391458,81370.97435407613,103875.8391310148,122758.35297599871,155794.22666814213,197097.5351741532,249348.09174882126,319529.9274585914,367459.41173561977,417590.0493402554,515517.3380624249,588640.3984597032,779533.8481699502,1008176.9031499545,1136691.6097265482,1199978.7194947978,1249106.1667735938,1250181.617141982,1300830.4523832453
       36. Broadcasting,15111.920544047449,16009.965002607645,15994.481477460056,16412.536656444972,16304.151980411849,17171.22938867687,18414.55645802831,19750.784678265292,21173.720639328785,24669.900617654508,30485.51266308916,35211.08453813351,42920.33170911837,44214.75441145687,47124.10878668896,52177.931394862186,60014.143472057294,69313.54867569961,80399.75268137376,92749.41233909121,119460.04157119805,141157.1053605153,171902.741246084,218163.538381405,269757.4699003001,333445.1665780111,414212.28408056276,424981.80346665735,447230.41024264233,639045.2261040708,702965.5438589742,940890.303562792,1134846.2203883096,1471634.8466480526,1720303.3972360143,1878101.9573560914,2027650.0784728755,2173927.788521493
"37.ARTS, ENTERTAINMENT AND RECREATION",37.152696423386935,39.227048580851736,44.521892998349415,50.67230678818666,47.322671981385525,51.8991609824849,57.124591281094666,61.27733130061076,66.36877620694847,74.24808584164548,85.19775952575728,104.54412017255638,175.39494989327991,434.28620625864556,923.9689150944437,1369.543794222468,1700.02360710697,2294.0099081219687,3309.7031241994696,4171.058082634251,5252.993152009455,6705.819562146152,7924.801105722266,10057.468431547224,12723.849146042645,16096.941554658553,20627.60749918411,23721.74831149653,26957.987008813154,82231.2216555046,117076.2693240035,143491.31965001317,176993.91513597633,210415.2615684732,239378.19792881032,261086.4993121191,269075.66163764754,291214.2303233248
FINANCIAL AND INSURANCE,7748.200330675187,10063.51918727361,8831.993843594078,10784.58324181356,11827.541694527077,14203.281177225163,16756.24169373183,21212.113591437817,29698.109649921018,44222.22260253237,49302.02695187416,57354.65502108415,61660.511908877255,47534.509135009204,77097.56675868889,109216.76802897011,116670.3335840442,134489.01253792414,148444.61749621882,165293.0942359147,205182.51594703455,299723.2223232991,302277.4321559034,386919.21322316845,495619.01447674684,1107450.4122507463,1279612.2337670065,1471554.1222853507,1668850.9704571457,1493742.7018737332,2028761.3664034563,2391167.004998119,2791393.636122791,3260496.15936669,3593327.3893638835,3835776.761743606,3996755.056876523,4230923.861154214
         38. Financial Institutions,4803.203675073853,5596.485397019848,5921.1618823732715,7320.283231628233,8347.867571870514,10317.04719144034,12096.006556756194,15657.10510863621,23225.94994647419,37689.24974308821,42018.62658036175,48986.18395604623,52730.37326822349,40678.85073714097,66124.55021755157,88910.98192390453,100297.58709606477,115832.18540713466,127800.43009331415,141948.35856570135,176323.59860380433,257566.8934567525,263865.38296999055,334291.02685068455,423513.3019171322,965264.2142365533,1107321.6530742613,1273419.8978303291,1442606.4184994847,1209779.1231370457,1756880.6830431595,2076212.623882662,2426654.6733305547,2842390.4045804716,3099872.397027373,3330086.9547077995,3449000.066883969,3645458.528005047
       39. Insurance,2944.9966556013333,4467.033790253761,2910.831961220807,3464.3000101853268,3479.674122656563,3886.2339857848215,4660.235136975635,5555.008482801609,6472.159703446827,6532.972859444163,7283.4003715124145,8368.471065037917,8930.138640653762,6855.658397868229,10973.016541137311,20305.78610506557,16372.746487979428,18656.827130789487,20644.18740290468,23344.735670213347,28858.91734323023,42156.32886654662,38412.049185912874,52628.186372483906,72105.7125596146,142186.19801419292,172290.58069274528,198134.22445502153,226244.5519576611,283963.57873668754,271880.6833602969,314954.3811154569,364738.9627922366,418105.7547862187,493454.9923365107,505689.8070358065,547754.989992554,585465.333149167
40. REAL ESTATE,5239.968293841626,5571.6571801271675,6596.019226388789,6206.716078206742,6580.069515468287,7262.163785548117,7402.911846813936,7812.461362735887,11072.191669721073,12717.941433273274,15604.415954288264,19450.737568412977,30409.10038285039,89470.32656415131,150734.0125209908,197606.69746985735,219705.77061011305,320438.35080738296,433522.0290867547,537308.9138244399,604830.9082917493,712746.6198294348,945484.9317831206,1447479.618364495,2216003.1874290253,2490709.0177775887,2836991.3448015773,3262540.058297771,3718452.282465561,4584964.007258096,5544996.12237872,6677097.00730957,7475535.167395536,8187548.268325981,8340425.202575912,8591544.087718282,8632817.11271732,8997602.291229872
"41. PROFESSIONAL, SCIENTIFIC AND TECHNICAL SERVICES",2589.6417377454422,3917.6083101153195,3733.703116518202,3874.8396604415702,4326.048914499613,4858.5186029377755,5369.817809787433,6116.1307465943355,6779.258659785799,7745.188612667398,9096.677942357834,11243.450312731618,13447.532673668222,18093.91877422421,21577.63913339935,28812.597755458934,32189.39649044971,38006.36053257618,47706.29027858224,57473.36680457605,68560.7115459985,81035.6851260857,96019.04000953819,396746.86171953956,685250.2732828925,927449.176825652,1155318.5810519129,1328616.3505077406,1510655.3075431576,2175732.7396443537,2632335.4366708053,2953818.8820045544,3401553.8508823486,3927297.7998371655,4507763.812732208,4726802.847603878,4862488.547474255,5017462.891455261
42. ADMINISTRATIVE & SUPPORT SERVICES,19.879821901214537,30.074181439327035,28.662402179620635,29.745860681255778,33.20964467890752,37.29723811689467,41.22231277963653,46.95151000797995,52.04212336187476,59.45724768291407,69.83218363796577,86.31224408935246,103.2322543565546,138.90102151341583,165.64438886211,221.184769901234,247.10733535474995,291.7622416600216,366.2253895905823,441.20400111131494,526.3178744337073,622.0841147517217,737.1063675306148,3045.694250246728,5260.439385133814,7119.720148538309,8868.998091786856,10199.347669662806,11596.800449404289,14806.767550611803,16070.400257506048,17891.852739567425,19723.046045715262,22251.626084571504,25524.808144727765,27030.85215281378,27594.920885617878,28999.167788970502
43. PUBLIC ADMINISTRATION,9092.116337035279,11535.129270350171,12114.73920473774,12743.51367902119,13386.623384093931,14042.985541056236,14677.312716859207,18004.62691968297,20046.594340768752,22173.861063559078,26469.40309702735,68160.44016035239,99233.97782734688,114960.48663372698,132832.74716348844,136796.33141541743,148149.70328942203,242862.38353230144,278642.2865712009,551002.1637411367,696046.8515626815,730947.9194490607,804118.5716533948,900683.2537481068,1026839.2166602877,1170699.3909143943,1348996.9081506568,1551346.4443732554,1758445.151080305,2471238.6382622006,2210045.754888571,2384903.5740821683,2644232.297178183,2552449.734585824,2783828.726592163,2921585.3639106643,2926094.9851291743,2896758.3893239
44. EDUCATION,3398.464898945194,4311.617942062444,4528.265413792702,4763.289681080266,5003.672192460821,5249.008225211113,5486.107989611662,6729.7964892845075,7493.046138552909,8288.179088914438,9893.773241204584,25477.111686094482,37091.82526132427,42970.10334095372,49650.423722226275,51131.93819640038,55375.61858589449,90777.46644603778,104151.33233797076,205954.41625505016,260169.45462840627,273215.11878463556,300565.2224459919,336659.97633898066,383815.4624798482,437570.2835341556,491610.63009374315,580592.1541407107,694097.9202752197,1110721.0539320055,1252721.6504432422,1549933.9348373367,1804404.9884218415,2116348.460239915,2445951.47254923,2590856.014652348,2734527.1059910874,2969316.281122018
45. HUMAN HEALTH AND SOCIAL SERVICES,1619.069285315451,2054.1154965586425,2157.3301326071946,2269.3003469485043,2383.8138941583584,2500.663084086504,2613.5512500279424,3206.086980973499,3569.607741391956,3948.354800843108,4713.233230547646,12137.29591220308,17670.700157343264,20471.193427346232,23653.353446425815,24358.59160775304,30357.352892794865,43246.51356192802,49618.249157669954,98119.64923336622,123948.77805338547,130091.95655106149,142857.01292171978,159671.06524784042,181606.30880001865,206593.10641508148,231721.48154001668,264205.06597554864,294087.52979827946,387194.6023168126,442939.3163601448,518735.89552331367,615025.7235944798,682697.0398401946,745582.167385124,784802.7988776304,821691.1340800421,896192.2786958572
46. OTHER SERVICES,1080.9230750629029,1141.274417728809,1295.322981109488,1474.2635379632643,1376.809035214816,1509.9577172831775,1661.986741570756,1782.8068419661204,1930.937686143761,2160.1788562233623,2478.749406653589,3041.613738310829,5102.952594035826,12635.152403931572,26882.014419220788,39845.60023892098,49460.6023781591,66742.0801939714,96292.72766062264,121353.04736882879,152830.939817875,195099.57014504084,230564.70202972952,292612.67016767,370188.53191283665,468325.51172292954,600141.0146686748,690162.1577751833,784317.506406596,1000970.1335657334,1684479.5126312247,2023269.8175180764,2573210.3849717164,3295203.43905566,3989092.1023024893,4316714.107041448,4505106.462125276,4734861.881003879
GDP  Current Basic Price,137929.35972411645,147571.73218076362,157183.6762298685,164210.01551762826,185976.23801185619,196169.1807747203,242261.64618593993,312501.84727913805,410768.04293306486,489766.4799189298,584249.8386371868,897117.3113222659,1244798.9309610245,1751279.9154551208,3069431.7635751623,4045321.615422187,4374496.47015728,4756705.70352931,5426470.654954279,6990619.1572768,8150016.061941774,11383658.5622266,13418012.898832787,17938381.184510235,22884896.387076184,30063962.402916428,34318665.733561285,39542427.55924418,43012507.42628544,62980397.22498445,71713935.06217158,80092563.38012612,89043615.25619024,94144960.4524695,101489492.20196828,113711634.60783091,127736827.81019661,144210492.06700775
Net Indirect Taxes on Products,1381.1427352493524,1479.483118400172,1566.504547917688,1644.1839214941367,1854.3684732384224,1953.9763061423557,2418.5685815997253,3113.479306647016,4092.817196324072,4877.19106365992,5809.897563979196,8911.97939328579,12375.92474411093,17511.571980655197,30803.33011493642,40743.59196262123,44212.27747913205,48450.71124622677,55883.666369457154,72131.9111249828,84477.61780201082,117791.83699060515,138960.7889420111,185678.83572274956,236982.6097499571,311216.3136840728,357278.0035761143,411784.3265118216,448951.1944463356,154337.6599905223,637517.15,917401.24,1093369.4,1032775.2312556452,1085925.8326220806,1187615.2898866325,1350079.6416375278,1428647.3121224334
GDP  Current Market  Price,139310.50245936582,149051.2152991638,158750.18077778618,165854.1994391224,187830.6064850946,198123.15708086264,244680.21476753964,315615.3265857851,414860.8601293889,494643.6709825897,590059.736201166,906029.2907155517,1257174.8557051355,1768791.487435776,3100235.0936900987,4086065.207384808,4418708.747636411,4805156.414775537,5482354.321323736,7062751.068401783,8234493.6797437845,11501450.399217205,13556973.687774798,18124060.020232983,23121878.996826142,30375178.7166005,34675943.7371374,39954211.885756,43461458.62073177,63134734.88497497,72351452.21217158,81009964.62012611,90136984.65619025,95177735.68372515,102575418.03459036,114899249.89771755,129086907.45183414,145639139.37913018
