period,export_destination,total_exports,crude_oil_exports,non_crude_oil_exports,period.1,import_origin,total_imports
Q4-2011,United States,1574550.116643,847093.146421,727456.970222,Q4-2011,China                                                       ,285137.749522
Q4-2011,United Kingdom                                       ,900288.215099,130351.788489,769936.42661,Q4-2011,United States,143520.727661
Q4-2011,India                                                                                       ,633007.694108,324275.082043,308732.612065,Q4-2011,India                                                                                       ,110470.017917
Q4-2011,Spain                                                                           ,585969.733806,300173.764057,285795.969749,Q4-2011,Brazil                                                                                          ,104409.96113
Q4-2011,Brazil                                                                                          ,472842.807557,334379.930611,138462.876946,Q4-2011,United Kingdom                                       ,70989.324156
Q4-2011,Italy                                                                                        ,472391.957257,269249.280875,203142.676382,Q4-2011,Belgium                                                                        ,49586.884009
Q4-2011,France                                                     ,398640.185564,269364.046193,129276.139371,Q4-2011,France                                                     ,41908.686064
Q4-2011,Netherlands                                                                 ,273090.833611,273090.833611,0,Q4-2011,Korea Republic,38718.728716
Q4-2011,Australia                                                      ,171069.057065,66908.074916,104160.982149,Q4-2011,Japan,30875.569166
Q4-2011,China,167186.3,,,Q4-2011,Italy                                                                                        ,30259.741074
Q2-2012,United States,938696.978022,590826.393035,347870.584987,Q2-2012,China                                                       ,286232.449263
Q2-2012,India                                                                                       ,643150.451242,518793.330965,124357.120277,Q2-2012,United States,180752.657373
Q2-2012,United Kingdom                                       ,522446.736209,208719.931043,313726.805166,Q2-2012,Brazil                                                                                          ,159202.391877
Q2-2012,Brazil                                                                                          ,490101.219996,332306.981917,157794.238079,Q2-2012,India                                                                                       ,142528.043244
Q2-2012,Italy                                                                                        ,404998.639464,256697.218989,148301.420475,Q2-2012,Germany  F.R                                                                            ,57945.409362
Q2-2012,Spain                                                                           ,326616.222395,229292.046936,97324.175459,Q2-2012,Belgium                                                                                             ,57123.490705
Q2-2012,Netherlands                                                                 ,294140.945322,294140.945322,,Q2-2012,United Kingdom                                       ,56136.409066
Q2-2012,Australia                                                      ,182201.756525,127366.336718,54835.419807,Q2-2012,Barbados,36289.625824
Q2-2012,France                                                     ,163677.491598,132376.066202,31301.425396,Q2-2012,France                                                     ,30425.105952
Q2-2012,South Africa                                                                ,163229.181911,94995.061264,68234.120647,Q2-2012,South Africa                                                                ,30258.512555
Q3-2012,United States,1443594.249357,850759.525658,592834.723699,Q3-2012,China                                                       ,343209.463402
Q3-2012,Brazil                                                                                          ,571090.493766,401045.618002,170044.875764,Q3-2012,United States,201923.107281
Q3-2012,China                                                       ,450693.98555,327296.496159,123397.489391,Q3-2012,India                                                                                       ,85781.899823
Q3-2012,United Kingdom                                       ,443184.181325,242099.069368,201085.111957,Q3-2012,United Kingdom                                       ,64242.677875
Q3-2012,India                                                                                       ,384950.794441,325349.810565,59600.983876,Q3-2012,Brazil                                                                                          ,52218.881587
Q3-2012,Netherlands                                                                 ,357461.102134,357461.102134,0,Q3-2012,Belgium                                                                        ,44951.89035
Q3-2012,France                                                     ,355713.949448,184705.154901,171008.794547,Q3-2012,Italy                                                                                        ,30109.791057
Q3-2012,Italy                                                                                        ,309039.299664,256724.130673,52315.168991,Q3-2012,South Africa                                                                ,29287.929888
Q3-2012,Spain                                                                           ,250023.300907,246252.040735,3771.260172,Q3-2012,Japan,27564.014094
Q3-2012,Australia                                                      ,133348.661147,96864.159069,36484.502078,Q3-2012,France,25988.483678
Q4-2012,United States,977580.106186,723494.421058,254085.685128,Q4-2012,China,315081.284849
Q4-2012,India                                                                                       ,775772.702852,678430.058261,97342.644591,Q4-2012,United States,187483.306073
Q4-2012,Netherlands                                                                 ,427700.105665,409683.395502,18016.710163,Q4-2012,India                                                             ,110433.973372
Q4-2012,Italy                                                                                        ,367213.866101,238039.605282,129174.260819,Q4-2012,Brazil,68356.626451
Q4-2012,United Kingdom                                       ,350758.475057,246421.295611,104337.179446,Q4-2012,United Kingdom,59176.748995
Q4-2012,Spain                                                                           ,332085.351679,326980.965217,5104.386462,Q4-2012,Belgium,48748.03323
Q4-2012,China                                                       ,304257.016996,15566.814657,288690.202339,Q4-2012,Thailand,35475.41142
Q4-2012,Brazil                                                                                          ,301991.232153,290027.394579,11963.837574,Q4-2012,Germany F.R,31188.668818
Q4-2012,South Africa                                                                 ,208101.073064,132751.740629,75349.332435,Q4-2012,Netherlands,30534.237994
Q4-2012,Ireland,187767.800347,37064.02969,150703.770657,Q4-2012,Italy                                                              ,30443.121217
Q1-2013,United States,414095.114383,389530.65434,24564.460043,Q1-2013,China,335773.83171
Q1-2013,Netherlands,386037.542078,306712.072583,79325.469495,Q1-2013,United Kingdom,98867.527515
Q1-2013,Brazil,343031.202924,337167.621617,5863.581307,Q1-2013,Belgium,93413.777746
Q1-2013,India,332612.710506,322108.303389,10504.407117,Q1-2013,United States,84279.822836
Q1-2013,Spain,327614.946138,291527.679411,36087.266727,Q1-2013,Netherlands,80943.517087
Q1-2013,Italy,221594.756393,198826.755194,22768.001199,Q1-2013,France,55476.090429
Q1-2013,France,218308.042889,199699.511855,18608.531034,Q1-2013,India,50643.175931
Q1-2013,United Kingdom,183241.664211,170654.254522,12587.409689,Q1-2013,Germany,46633.366301
Q1-2013,Germany,95744.088142,75570.37764,20173.710502,Q1-2013,Brazil,27679.12501
Q1-2013,Ivory Coast,93343.677355,91657.208753,1686.468602,Q1-2013,South Africa,25138.994201
Q2-2013, Brazil                                                                                      ,442958.250496,276389.157915,166569.092581,Q2-2013,China                                                                                     ,387707.393326
Q2-2013,United States                                                                        ,441239.771492,375124.960427,66114.811065,Q2-2013,United States                                                                        ,154660.087421
Q2-2013,India                                                                                       ,359427.149203,252240.357751,107186.791452,Q2-2013,India                                                                                       ,104172.305067
Q2-2013,France                                                                                    ,238704.7583,129021.464391,109683.293909,Q2-2013,Netherlands                                                                 ,100213.782653
Q2-2013,Italy                                                                                        ,227494.46663,199083.267274,28411.199356,Q2-2013,United Kingdom                                                           ,89199.204904
Q2-2013,United Kingdom                                                          ,222832.0251,174328.351228,48503.673872,Q2-2013,Belgium                                                                        ,75816.912464
Q2-2013,South Africa                                                                ,221376.162793,218318.801504,3057.361289,Q2-2013,Germany                                                                                  ,56445.176675
Q2-2013,Spain                                                                           ,210294.710339,191636.892778,18657.817561,Q2-2013,Spain                                                                                        ,53560.839575
Q2-2013,Netherlands                                                                 ,201165.629881,157130.294057,44035.335824,Q2-2013,South Africa                                                                 ,42221.300482
Q2-2013,Australia                                                                                                  ,123289.520041,90189.603144,33099.916897,Q2-2013,France                                                                            ,35002.573153
Q3-2013,Netherlands                                                                                     ,512446.0641117,454657.323629,57788.7404827,Q3-2013,China                                                                                                ,378325.138609
Q3-2013,India                                                                                                   ,495290.8186998,486828.935374,8461.8833258,Q3-2013,United States                                                                                     ,188649.233627
Q3-2013,United States                                                                                    ,278473.7892037,258192.503141,20281.2860627,Q3-2013,United Kingdom                                                                                  ,120827.769845
Q3-2013,Brazil                                                                                          ,273079.3385317,272948.49004,130.8484917,Q3-2013,Belgium                                                                                             ,104215.787303
Q3-2013,Spain                                                                                                ,262072.24216629998,228948.842436,33123.3997303,Q3-2013,Netherlands                                                                                ,100976.244629
Q3-2013,Italy                                                                                                     ,233598.5905813,181340.720337,52257.8702443,Q3-2013,Brazil                                                                                                   ,91125.67779
Q3-2013,"France                                                                                                211,410,112,975.7                                                                     194,985,531,419.0                                16,424,581,556.7",211410.1129757,194985.531419,16424.5815567,Q3-2013, India                                                                                                    ,84392.980043
Q3-2013,United Kingdom                                                                                ,174364.766824,164027.508966,10337.257858,Q3-2013,Germany                                                                                             ,70266.175682
Q3-2013,South Africa                                                                                       ,169675.8266702,167912.807551,1763.0191192,Q3-2013,Spain                                                                                                    ,54163.305283
Q3-2013,Cote divore                                                                                        ,111016.39694539999,107587.500588,3428.8963574,Q3-2013,France                                                                                                                                            ,39858.89666
Q4-2013,India                                                             ,613791.6670761,601464.4740058001,12327.1930703,Q4-2013,China                                                       ,374121.89478
Q4-2013,Netherlands                                                 ,393673.55415940005,315665.3079679,78008.2461915,Q4-2013,United States                                          ,185072.00335
Q4-2013,Italy                                                              ,310729.7723426,295171.2555345,15558.5168082,Q4-2013,"Korea, South                                          ",122536.605169
Q4-2013,Brazil                                                            ,289849.3564404,289828.8841824,20.472258,Q4-2013,Netherlands                                            ,95717.993311
Q4-2013,South Africa                                               ,218865.6982479,217874.5964028,991.1018451,Q4-2013,India                                                        ,90738.76268
Q4-2013,Spain                                                           ,194866.6171197,187616.0293097,7250.58781,Q4-2013,Belgium                                                  ,67609.334239
Q4-2013,France                                                         ,166903.587887,162026.939769,4876.648118100001,Q4-2013,Germany                                                ,60608.542277
Q4-2013,United Kingdom                                         ,149500.53960579998,136505.2754045,12995.264201299999,Q4-2013,United Kingdom                                       ,58171.859908
Q4-2013,Ivory Coast                                                   ,90944.5411259,83995.46774260001,6949.0733833,Q4-2013,France                                                     ,54540.422125
Q4-2013,Australia                                                      ,80627.51986860001,80621.0500436,6.469825,Q4-2013,Brazil                                                       ,50103.118386
Q1-2014,India                                                                                       ,544039.50082384,516783.94597420003,27255.55484964,Q1-2014,China                                                                                    ,368108.352269
Q1-2014,"Netherlands                                                                           461,516,821,295.64                                                                 416,221,563,688.52                                       45,295,257,607.12",461516.82129564,416221.56368852,45295.25760712,Q1-2014,United States                                                                      ,164743.00468531
Q1-2014,"Brazil                                                                                      376,764,265,195.41                                                                 365,673,174,416.75                                       11,091,090,778.66",376764.26519541,365673.17441675,11091.09077866,Q1-2014,India                                                                                       ,93190.420037
Q1-2014,Spain                                                                                      ,345956.89468117,298965.56171757,46991.3329636,Q1-2014,Belgium                                                                                  ,91678.566024
Q1-2014,France                                                                                  ,310862.4406188,272505.69402125,38356.74659755,Q1-2014,Netherlands                                                                           ,76363.94125861
Q1-2014,United Kingdom                                                                   ,268402.17548028,107063.04645453,161339.12902575,Q1-2014,United Kingdom                                                                    ,70070.48199850999
Q1-2014,South Africa                                                                          ,170820.14285074,170368.72501343,451.41783731,Q1-2014,Germany                                                                                ,64501.508113
Q1-2014,Indonesia                                                                                                                                                                                             ,166670.65994082,165713.7810829,956.87885792,Q1-2014,Brazil                                                                                     ,42107.973072
Q1-2014,Italy                                                                                                                                                                                                    ,150850.27005053,141578.04704529,9272.22300524,Q1-2014,France                                                                                    ,36427.60171081
Q1-2014,United States                                                                        ,147440.2336506,134182.10777573,13258.12587487,Q1-2014,United Arab Emirates                                                           ,34289.938742
Q2-2014,Spain ,514078.58491310594,,,Q2-2014,China,426075.5169
Q2-2014,Netherlands,449742.28314080695,,,Q2-2014,United States,235611.539298583
Q2-2014,Brazil,413904.36792033,,,Q2-2014,Netherlands,138687.378787597
Q2-2014,Oceania,357529.9045535069,,,Q2-2014,United Kingdom                                       ,77489.478764035
Q2-2014,United Kingdom                                       ,304405.330269738,,,Q2-2014,Germany,76821.796175
Q2-2014,Italy ,287368.291801759,,,Q2-2014,"France                                                                                                211,410,112,975.7                                                                     194,985,531,419.0                                16,424,581,556.7",63692.380907114
Q2-2014,United States,250138.902989574,,,Q2-2014,Spain ,39007.000076102
Q2-2014,"France                                                                                                211,410,112,975.7                                                                     194,985,531,419.0                                16,424,581,556.7",248427.87588178398,,,Q2-2014,Brazil,38381.515308
Q2-2014,Japan,121576.063872444,,,Q2-2014,Italy ,30623.749109
Q2-2014,China,77106.19163438301,,,Q2-2014,Oceania,28873.969818999998
Q3-2014,India,685036.35227706,511533.13965784,173503.21261922,Q3-2014,China,429084.986741
Q3-2014,Spain,393344.59376917,296916.18320558,96428.41056358999,Q3-2014,United States,183259.24524401
Q3-2014,Netherlands,374169.93593333004,306348.48991833004,67821.446015,Q3-2014,Belgium,148389.52184176
Q3-2014,Brazil,238568.33781122,186897.19750404998,51671.14030717,Q3-2014,India,106518.751368
Q3-2014,South Africa,233735.27456423998,171472.88643823998,62262.388126,Q3-2014,Netherlands,94051.4291253
Q3-2014,Indonesia,230124.53848139002,211611.87469639,18512.663785,Q3-2014,United Kingdom,73762.673835
Q3-2014,France,217003.83285063002,180296.3097401,36707.52311053,Q3-2014,Germany,65251.687952
Q3-2014,United Kingdom,158902.85081972,134692.30322947,24210.54759025,Q3-2014,Brazil,54102.76189
Q3-2014,Niger Republic,154201.964507,0,154201.964507,Q3-2014,South Africa,41894.273681
Q3-2014,Italy,147846.35595793,114908.93804292999,32937.417915,Q3-2014,France,38207.093252449995
Q4-2014,India ,652485.150735,628893.878116,23591.272619,Q4-2014,China ,393521.939848
Q4-2014,Spain ,440121.20005,379041.581427,61079.618623,Q4-2014,"Korea, South",161014.103943
Q4-2014,South Africa,326204.000753,325796.203797,407.796956,Q4-2014,United States,160846.717443
Q4-2014,Netherlands,301275.437985,261125.078296,40150.359689,Q4-2014,India,122743.921122
Q4-2014,United Kingdom,236269.02992,211851.351831,24417.678089,Q4-2014,Belgium,110629.448401
Q4-2014,France ,174360.360756,132333.913834,42026.446922,Q4-2014,Netherlands,109880.143055
Q4-2014,Indonesia,170589.82021,165081.969539,5507.850671,Q4-2014,Germany,75875.314988
Q4-2014,United States,160326.073691,140685.575177,19640.498514,Q4-2014,United Kingdom,63851.792424
Q4-2014,Brazil   ,141099.963683,128184.700151,12915.263532,Q4-2014,Italy,57957.048908
Q4-2014,Italy ,108755.335738,103277.989154,5477.346584,Q4-2014,Thailand,57134.758543
Q1-2015,India,436555.040059,381308.76334245,55246.276716550004,Q1-2015,China,387508.213977
Q1-2015,Netherlands,319578.010497,248855.50386370998,70722.50663328999,Q1-2015,United States,133768.985518
Q1-2015,Spain,263370.395952,214463.99224177,48906.403710230006,Q1-2015,Belgium,118740.964276
Q1-2015,South Africa,260024.680929,238272.0563095,21752.6246195,Q1-2015,Netherlands,108696.791559
Q1-2015,Brazil,256950.639729,221899.46044221,35051.17928679,Q1-2015,India,96605.33636
Q1-2015,Ivory Coast,198555.071733,82499.30656797001,116055.76516503,Q1-2015,United Kingdom,79913.1538
Q1-2015,France,146566.751589,119309.45071112,27257.30087788,Q1-2015,Italy,74776.24777
Q1-2015,Germany,124839.680534,97725.71669372999,27113.96384027,Q1-2015,Germany,54664.806326
Q1-2015,Japan,120915.586855,,120915.586855,Q1-2015,Thailand,46325.309937
Q1-2015,Indonesia,118421.260351,108355.07661019001,10066.18374081,Q1-2015,Brazil,42522.837949
Q2-2015,India,406115.64289,352317.575973,53798.066917,Q2-2015,China,336486.31689
Q2-2015,Spain,297422.711788,259734.175078,37688.53671,Q2-2015,United States,143586.393266
Q2-2015,Netherlands,296312.212469,280882.374425,15429.838044,Q2-2015,Belgium,83434.23017
Q2-2015,South Africa,240885.564944,239985.970402,899.594542,Q2-2015,Netherlands,80865.610606
Q2-2015,Brazil,147767.484455,137374.46235,10393.022105,Q2-2015,India,115389.191829
Q2-2015,France,129946.139434,99887.0507,30059.088734,Q2-2015,Germany,52465.001403
Q2-2015,United States,114544.657406,32419.330158,82125.327248,Q2-2015,United Kingdom,68161.516607
Q2-2015,United Kingdom,89812.417744,80031.509103,9780.908641,Q2-2015,France,40113.216295
Q2-2015,Japan,77491.756882,0,77491.756882,Q2-2015,Brazil,40836.338243
Q2-2015,Indonesia,74392.404639,71404.007932,2988.396707,Q2-2015,Thailand,40896.970135
Q3-2015,India,408239.511287,,,Q3-2015,China,459398.197557
Q3-2015,Netherlands,245066.484475,,,Q3-2015,United States,160603.19797
Q3-2015,Spain,211357.202449,,,Q3-2015,Belgium,128316.268331
Q3-2015,United Kingdom,192231.681938,,,Q3-2015,Netherlands,101819.96469
Q3-2015,Brazil,169439.87839720002,,,Q3-2015,India,97415.808138
Q3-2015,France,106603.728696,,,Q3-2015,Germany,55043.285103
Q3-2015,South Africa,105054.109733,,,Q3-2015,United Kingdom,54230.991601
Q3-2015,United States,85510.551587,,,Q3-2015,Latvia,44787.658452
Q3-2015,Japan,80437.9729315,,,Q3-2015,Brazil,39514.429396
Q3-2015,Indonesia,71373.710581,,,Q3-2015,Thailand,31031.713012
Q4-2015,India  ,380692.6821572,,,Q4-2015,China,384538.47972400003
Q4-2015,Spain,228484.56351859999,,,Q4-2015,United States,137616.87133270002
Q4-2015,Netherlands,207214.35532906,,,Q4-2015,India  ,99304.555834
Q4-2015,France,139583.05911049998,,,Q4-2015,Netherlands                                                                 ,80137.6804216
Q4-2015,Brazil,100105.60716239999,,,Q4-2015,United Kingdom,76015.7607519
Q4-2015,United States,89169.636527,,,Q4-2015,Brazil,48905.314867
Q4-2015,United Kingdom,63366.7316192,,,Q4-2015,Germany,48266.494058
Q4-2015,Italy,55948.156118,,,Q4-2015,France,47594.4790694
Q4-2015,China ,45822.9227901,,,Q4-2015,Italy,29985.033688299998
Q4-2015,Japan,43284.2334774,,,Q4-2015,Japan,25553.740845
Q1-2016,India,192401.76433687,164980.12780477,27421.636532099998,Q1-2016,China,345497.038274
Q1-2016,United States,161910.40924001002,134968.73141650998,26941.6778235,Q1-2016,United States,127087.3477664
Q1-2016,Spain,127893.8842267,86980.2118807,40913.672346,Q1-2016,Belgium,114159.7021585
Q1-2016,Netherlands,88850.01156760001,24176.4023016,64673.609266,Q1-2016,India,89379.313705
Q1-2016,France,81409.2874633,52142.3382473,29266.949216,Q1-2016,Netherlands,73777.458317
Q1-2016,South Africa,73640.65120339999,73121.7683804,518.882823,Q1-2016,United Kingdom,61380.9818362
Q1-2016,Brazil,57558.5024832,51167.487732199996,6391.014751,Q1-2016,France,58239.0184834
Q1-2016,China,43789.8830291,17563.274224099998,26226.608805,Q1-2016,Brazil,50062.785051
Q1-2016,Italy,40820.46711276,19493.63809076,21326.829022,Q1-2016,Germany,44921.00398
Q1-2016,Japan,34863.994649,0,34863.994649,Q1-2016,Italy,31063.685011
Q2-2016,India  ,402653.4817225,362906.3743048,39747.1074177,Q2-2016,China,493544.0597296
Q2-2016,United States ,235009.552537,224081.2628491,10928.2896879,Q2-2016,Netherlands,285722.9819735
Q2-2016,Spain ,215168.42834120002,181663.2613743,33505.166966900004,Q2-2016,United States,198956.0528253
Q2-2016,Netherlands,133252.1267533,123880.6156051,9371.5111481,Q2-2016,India,124857.2133856
Q2-2016,South Africa,119856.9350082,98233.3079326,21623.627075599998,Q2-2016,United Kingdom,119300.8597723
Q2-2016,Canada,86186.7232781,85813.40408,373.31919810000005,Q2-2016,Belgium,82399.4902783
Q2-2016,Indonesia,83674.81869239999,83658.2530427,16.565649699999998,Q2-2016,Germany,73596.6465801
Q2-2016,Germany,82568.9731423,24618.908707,57950.0644353,Q2-2016,Japan,60652.2208911
Q2-2016,France,72931.2740511,56750.312734,16180.9613171,Q2-2016,France,57773.675542699995
Q2-2016,Italy,42137.0467748,41053.0631005,1083.9836742999998,Q2-2016,United Arab Emirates,51759.01646
Q3-2016,India,436625.96013724,400507.64589504997,36118.314242190005,Q3-2016,China,478650.35748571996
Q3-2016,United States,308118.71343286,300079.86840821,8038.84502465,Q3-2016,Belgium,331256.66854297
Q3-2016,Spain,185357.63495569,32847.775659,152509.85929669,Q3-2016,Netherlands,299656.71165636
Q3-2016,France,181591.48653104002,19685.047816,161906.43871504,Q3-2016,United States,165476.75480429002
Q3-2016,Netherlands,132540.39173425,126081.63579093,6458.7559433199995,Q3-2016,India,121290.10039605999
Q3-2016,South Africa,123525.12437905,123237.30525861,287.81912044,Q3-2016,France,91292.63684747
Q3-2016,Indonesia,118413.27207753,118100.13379364999,313.13828388,Q3-2016,Brazil,90460.1004703
Q3-2016,United Kingdom,98657.19629123,97311.65353101,1345.54276022,Q3-2016,Germany,74483.51749525999
Q3-2016,Ivory Coast,71789.62118434,67126.40651348,4663.214670859999,Q3-2016,United Kingdom,62935.61153894
Q3-2016,Brazil,64879.369848,52473.782676,12405.587172,Q3-2016,Spain,45559.389139110004
Q4-2016,India,475644.091644537,445916.5700803,29727.521564237,Q4-2016,China,404130.210499334
Q4-2016,Netherlands,334222.63221068203,303700.07843690005,30522.553773781983,Q4-2016,Belgium,356381.37188141496
Q4-2016,United States,317210.597479151,304722.16850040003,12488.428978750977,Q4-2016,Netherlands,230033.905168483
Q4-2016,Spain,286779.435862676,210712.32502,76067.11084267602,Q4-2016,United States,205648.529762849
Q4-2016,South Africa,160350.684747238,160085.7059614,264.9787858380127,Q4-2016,India,113890.987967488
Q4-2016,France,158260.566454831,122534.9989212,35725.567533630994,Q4-2016,United Kingdom,101647.365659507
Q4-2016,Indonesia,113219.36042919,105764.01835669001,7455.3420725,Q4-2016,Germany,78634.375321788
Q4-2016,Sweden,105014.878319,105014.878319,,Q4-2016,Brazil,78024.954496
Q4-2016,Singapore,99216.78429822701,94750.3881825,4466.396115727005,Q4-2016,France,75091.192736955
Q4-2016,Ivory Coast,81260.16163553999,74003.326874,7256.834761539993,Q4-2016,Russia,38847.210702
Q1-2017,India,668552.62698896,620173.0819530899,48379.54503587402,Q1-2017,China,383914.952222215
Q1-2017,United States,416486.35322283,372882.12044653005,43604.23277630097,Q1-2017,Belgium,340198.399371708
Q1-2017,Spain,324875.57494685997,228837.7832765,96037.79167036102,Q1-2017,Netherlands,246917.404551624
Q1-2017,Netherlands,250185.17452713,217512.3722671,32672.80226003299,Q1-2017,United States,184454.614016957
Q1-2017,France,195654.74740328,162229.917155,33424.830248281,Q1-2017,India,103561.209026564
Q1-2017,South Africa,140030.02120351,139473.36150842998,556.659695078003,Q1-2017,France,95850.237494637
Q1-2017,Togo,107951.45577219,105588.949614,2362.5061581880036,Q1-2017,United Kingdom,95463.359979127
Q1-2017,Japan,78701.84635139999,0,78701.84635139999,Q1-2017,Germany,94418.13101297099
Q1-2017,Turkey,69143.49135767999,0,69143.491357676,Q1-2017,Latvia,80292.649780266
Q1-2017,China,63622.659968019994,45622.377301,18000.282667018997,Q1-2017,Brazil,54212.505306
Q2-2017,India,519702.84412286896,437862.54225,81840.30187287,Q2-2017,China,414744.74656690704
Q2-2017,Spain,374421.39188543,274627.3255428,99794.06634263,Q2-2017,Belgium,391220.27581848
Q2-2017,United States,317094.87946579,275404.444892,41690.43457379,Q2-2017,Netherlands,250780.49378579398
Q2-2017,Netherlands,241296.62260327,223269.5181976,18027.10440567,Q2-2017,United States,193844.7920813
Q2-2017,France,224881.86900074,159860.24308454,65021.6259162,Q2-2017,Italy,161525.89200874
Q2-2017,Italy,88442.07383588,80306.639182,8135.43465388,Q2-2017,Germany,129953.824150248
Q2-2017,Indonesia,107496.43303811,102410.45127768,5085.98176043,Q2-2017,France,113328.021410505
Q2-2017,Canada,90069.58204237,87590.269484,2479.31255837,Q2-2017,India,107412.831998793
Q2-2017,Togo,158148.13022043,156601.4680504,1546.66217003,Q2-2017,Russia,101280.4227944
Q2-2017,South Africa,137316.35663481,136913.837385,402.5192498,Q2-2017,Brazil,77590.08283
Q3-2017,India,623209.340221449,550883.12172101,72326.218500439,Q3-2017,China,522835.416710358
Q3-2017,United States,497516.043388533,457732.07408195,39783.969306583,Q3-2017,Belgium,306213.895169828
Q3-2017,Spain,355927.174176515,298733.51091229,57193.663264225,Q3-2017,United States,187428.671892306
Q3-2017,Netherlands,242787.68384392,220520.607713,22267.07613092,Q3-2017,Netherlands,179449.271151695
Q3-2017,France,225710.461896466,178176.863514,47533.598382466,Q3-2017,India,119328.700676551
Q3-2017,Indonesia,167403.62612333,162102.1889507,5301.43717262997,Q3-2017,United Kingdom,96629.695272748
Q3-2017,South Africa,162497.477174706,161500.64962345,996.827551255981,Q3-2017,Germany,79889.189578411
Q3-2017,Canada,149106.86363701,148909.4474255,197.41621151001,Q3-2017,France,67374.71100982
Q3-2017,United Kingdom,108764.334702052,107540.1770353,1224.157666752,Q3-2017,Spain,60513.6706982
Q3-2017,Italy,108268.207305724,100865.5381574,7402.66914832401,Q3-2017,Russia,54167.7762531
Q4-2017,India,615388.186133023,571544.55194311,43843.634189913,Q4-2017,China,465126.732212693
Q4-2017,United States,502218.327623884,488646.8854484,13571.442175484,Q4-2017,Belgium,191052.41122013
Q4-2017,Netherlands,412857.313756144,366224.25088325,46633.062872894,Q4-2017,United States,189360.758509542
Q4-2017,France,391449.057035151,319014.73186402,72434.325171131,Q4-2017,India,135447.584269363
Q4-2017,Spain,296182.196768912,241239.1845367,54943.012232212,Q4-2017,Netherlands,125238.475583144
Q4-2017,Canada,189329.741941301,189045.08709586,284.65484544104,Q4-2017,United Kingdom,110282.724267251
Q4-2017,South Africa,166413.822346618,166044.6452053,369.177141318024,Q4-2017,Germany,79840.80700763
Q4-2017,United Kingdom,136818.246428842,132654.9909658,4163.25546304201,Q4-2017,France,67926.19763125
Q4-2017,Indonesia,121448.08607299,119115.68243566,2332.40363732999,Q4-2017,Brazil,62465.76541143
Q4-2017,Sweden,108961.36697082,108961.36697082,0,Q4-2017,Italy,43336.982660888
Q1-2018,Netherlands,963474.628891574,567841.1243601999,395633.504531374,Q1-2018,China,530979.0218830591
Q1-2018,India,853697.785594444,776059.00163519,77638.78395925403,Q1-2018,Netherlands,305797.833716163
Q1-2018,Spain,391685.72169477696,318137.97114504996,73547.75054972699,Q1-2018,Belgium,266690.0111702
Q1-2018,United States,386927.330423935,368267.46982715005,18659.860596784973,Q1-2018,United States,163938.63297214
Q1-2018,France,297938.26885212405,235244.26248701,62694.006365114015,Q1-2018,India,157924.30849393702
Q1-2018,South Africa,196779.159481955,196247.17407889,531.9854030649719,Q1-2018,France,85540.22985417799
Q1-2018,Sweden,195337.080877,195337.080877,0,Q1-2018,Germany,76140.75779882699
Q1-2018,United Kingdom,145631.745355375,143186.48376806,2445.2615873150025,Q1-2018,Russia,73987.82831160001
Q1-2018,Indonesia,137872.92494448,133237.65046464998,4635.274479830017,Q1-2018,Brazil,61979.99158986699
Q1-2018,Italy,111495.194425198,102362.71970772,9132.474717477997,Q1-2018,Saudi Arabia,60385.173997606005
Q2-2018,India,722582.849252041,635248.8284835,87334.02076854101,Q2-2018,China,531550.838753533
Q2-2018,Netherlands,457633.09072287404,421279.9837282,36353.10699467401,Q2-2018,Netherlands,181000.808570164
Q2-2018,Spain,426072.071992802,372911.5562122,53160.51578060199,Q2-2018,Belgium,170888.14005353
Q2-2018,South Africa,359841.41835083003,359167.4514028,673.9669480300292,Q2-2018,India,145023.78171140602
Q2-2018,United States,306534.39989909995,303702.41017570003,2831.989723399963,Q2-2018,United States,141582.15510617598
Q2-2018,Italy,219886.509442251,214576.4929056,5310.016536651001,Q2-2018,Germany,70995.272739923
Q2-2018,France,214490.125632927,134805.153643,79684.971989927,Q2-2018,United Kingdom,59536.127627721
Q2-2018,Sweden,175029.038492,175029.038492,0,Q2-2018,Russia,56541.840753
Q2-2018,Brazil,152540.150474064,139381.333748,13158.816726063995,Q2-2018,Italy,55774.502846195
Q2-2018,Thailand,118914.86079968,90253.67994153,28661.180858149994,Q2-2018,France,53908.252408151
Q3-2018,India,764882.133631011,719169.12801407,45713.00561694104,Q3-2018,"Korea, South",1214486.70359658
Q3-2018,Spain,522123.901228152,463083.68978276,59040.21144539197,Q3-2018,China,591362.2711454659
Q3-2018,France,500309.25060387905,422523.41140524,77785.83919863903,Q3-2018,Netherlands,483183.64319489204
Q3-2018,South Africa,335281.117870045,334984.6195348,296.49833524499513,Q3-2018,Belgium,291671.703130732
Q3-2018,Netherlands,276367.564566308,260730.10183054002,15637.462735767975,Q3-2018,United States,224221.300467055
Q3-2018,Indonesia,256296.2332222,244164.69865729997,12131.534564900025,Q3-2018,India,154608.54133058302
Q3-2018,Brazil,226201.319559882,199047.53472595,27153.784833931975,Q3-2018,France,112648.88413350799
Q3-2018,United Kingdom,206319.816530557,204959.63260702,1360.1839235370178,Q3-2018,Latvia,94545.35287286999
Q3-2018,United States,201652.045746328,188007.01535072,13645.030395608002,Q3-2018,Germany,88446.040272554
Q3-2018,Canada,199005.60724298802,198823.4155284,182.1917145880127,Q3-2018,Russia,73997.356773
Q4-2018,India,780057.7976164139,730298.8445903,49758.95302611389,Q4-2018,China,900049.7753735081
Q4-2018,Spain,569382.737040051,471625.2957692,97757.441270851,Q4-2018,United States,373302.885408261
Q4-2018,France,496056.85133821005,432151.7420566,63905.10928161005,Q4-2018,Netherlands,327448.018767909
Q4-2018,South Africa,340054.89738269703,339730.18642521003,324.7109574869995,Q4-2018,India,230967.221681815
Q4-2018,Netherlands,328724.70683245,272551.2951422,56173.41169025,Q4-2018,Belgium,196995.39993837703
Q4-2018,Indonesia,258669.51087515,248238.5257555,10430.985119649993,Q4-2018,United Kingdom,147011.054456024
Q4-2018,Brazil,226615.506712,204139.717706,22475.789006,Q4-2018,Germany,122149.427596771
Q4-2018,United Kingdom,215670.93823047698,209343.539129,6327.39910147699,Q4-2018,Italy,95702.840538027
Q4-2018,Canada,203181.63056959398,202973.10918129998,208.52138829400636,Q4-2018,France,90041.04766971401
Q4-2018,United States,198937.75470971398,187508.7998753,11428.954834414002,Q4-2018,Russia,86311.344715
Q1-2019,India,744984.290677147,684008.9016695501,60975.389007596925,Q1-2019,China,979297.59211258
Q1-2019,Spain,487117.623151957,395668.56954571995,91449.053606237,Q1-2019,Swaziland,528886.984854
Q1-2019,Netherlands,405384.343217318,366337.93372418,39046.409493138,Q1-2019,United States,325296.99019968
Q1-2019,South Africa,325534.85248992,325039.80741222,495.0450777000122,Q1-2019,India,242706.84201574
Q1-2019,France,302331.32608201,229233.71575365,73097.61032836001,Q1-2019,Netherlands,150716.37698223998
Q1-2019,Angola,202620,0,202620,Q1-2019,Belgium,138230.86967746
Q1-2019,Italy,179823.679288689,175585.38978678,4238.2895019089965,Q1-2019,Germany,130416.56259136999
Q1-2019,Turkey,179759.748818701,76473.0298366,103286.71898210098,Q1-2019,United Kingdom,95338.27930919001
Q1-2019,Ghana,155416.081451005,11728.38114,143687.700311005,Q1-2019,Italy,88343.81541114999
Q1-2019,Sweden,151038.17440468,151038.17440468,0,Q1-2019,"Korea, South",63782.23572828
Q2-2019,India,793928.027759259,724125.6198722,69802.40788705909,Q2-2019,China,1020590.2021599279
Q2-2019,Spain,550122.802180314,476272.13063297997,73850.67154733399,Q2-2019,United States,422124.638621511
Q2-2019,Netherlands,478318.06406558194,442852.01325,35466.05081558197,Q2-2019,Netherlands,374067.803453362
Q2-2019,United States,353166.353659458,349535.5555435,3630.7981159580077,Q2-2019,India,299792.32355634
Q2-2019,France,279906.40038217,208838.753871,71067.64651116998,Q2-2019,Belgium,248934.9278877
Q2-2019,Italy,279653.47127728,276381.8287198,3271.6425574800414,Q2-2019,United Kingdom,159577.95473397698
Q2-2019,South Africa,213152.325664171,210617.7580073,2534.5676568710023,Q2-2019,Germany,131779.677312816
Q2-2019,United Kingdom,165501.92563109202,161701.921363,3800.0042680920105,Q2-2019,"Benin, Republic of",130851.869129
Q2-2019,China,157151.681880332,127834.3090876,29317.372792731996,Q2-2019,"Korea, South",98526.17132301
Q2-2019,Brazil,155428.052739,150254.752628,5173.300111,Q2-2019,France,80754.284869175
Q3-2019,Ghana,908567.1293596419,32025.349211599998,876541.780148042,Q3-2019,China,1221898.136876083
Q3-2019,India,775695.293641183,694888.1763141999,80807.11732698303,Q3-2019,United States,442439.83679316496
Q3-2019,Netherlands,519268.726411583,485730.44554245,33538.280869133,Q3-2019,India,292021.770931778
Q3-2019,Spain,454660.067576103,377787.7210077,76872.34656840301,Q3-2019,Netherlands,265156.58805645996
Q3-2019,United States,332200.14903941803,329812.955159,2387.19388041803,Q3-2019,Belgium,155153.847681751
Q3-2019,France,265345.28471939004,201479.898262,63865.386457390014,Q3-2019,Germany,125867.103435294
Q3-2019,South Africa,260306.63594816,259794.48420668,512.151741480011,Q3-2019,United Kingdom,115239.20296460201
Q3-2019,Italy,199173.26855174798,190628.97843820002,8544.290113547973,Q3-2019,"Korea, South",107090.924210616
Q3-2019,China,168270.92631674,129291.6635203,38979.26279643999,Q3-2019,Russia,95664.522597
Q3-2019,Canada,149508.26981112,149297.7739511,210.495860019989,Q3-2019,Spain,93340.722939
Q4-2019,India,628462.07621162,592588.09840228,35873.977809339965,Q4-2019,India,1207243.259299229
Q4-2019,Spain,493882.608765674,425160.4445264,68722.16423927399,Q4-2019,China,1096144.866051299
Q4-2019,France,371366.181244768,268186.3613947,103179.81985006799,Q4-2019,United States,484341.82670502004
Q4-2019,Netherlands,356310.804381676,333680.463779,22630.340602676024,Q4-2019,Netherlands,460575.28044860205
Q4-2019,Ghana,352878.35181298,38724.7658237,314153.58598928,Q4-2019,Belgium,308300.4699
Q4-2019,South Africa,276709.74518867006,271854.1706673,4855.574521370057,Q4-2019,United Arab Emirates,302508.164592412
Q4-2019,Germany,170496.13106358502,98469.605652,72026.52541158503,Q4-2019,France,149183.3591911
Q4-2019,Italy,169291.30937434602,167447.6076702,1843.701704145996,Q4-2019,Germany,133477.55863135902
Q4-2019,Indonesia,167881.28623341,165992.32011164,1888.966121769989,Q4-2019,United Kingdom,111284.67467216299
Q4-2019,Canada,157116.9539841,155556.259325,1560.694659100006,Q4-2019,"Korea, South",93752.517772101
Q1-2020,India,637525.5532616699,526874.0280709,110651.5251907699,Q1-2020,China,1109455.86639723
Q1-2020,Spain,402925.39665822603,360443.79684001004,42481.599818216004,Q1-2020,Netherlands,470109.59339489
Q1-2020,Netherlands,396931.770603214,360698.49232,36233.27828321399,Q1-2020,United States,441059.77445921995
Q1-2020,South Africa,319468.18113442,318484.29404490005,983.8870895199585,Q1-2020,India,334531.04348491004
Q1-2020,Cameroon,301800.95594890707,0,301800.95594890707,Q1-2020,Belgium,257891.928361
Q1-2020,Italy,162307.46393177498,155855.2361734,6452.227758375,Q1-2020,Germany,128503.58004029
Q1-2020,France,159574.40804,56102.680686,103471.727354,Q1-2020,United Arab Emirates,120564.91479216999
Q1-2020,United Kingdom,147679.901847728,135595.367268,12084.534579727997,Q1-2020,Italy,115610.73769153
Q1-2020,Portugal,125956.20705887998,48865.929045900004,77090.27801297998,Q1-2020,United Kingdom,88942.85523217
Q1-2020,Indonesia,115063.77135514001,108924.361373,6139.409982140015,Q1-2020,France,77369.3265844
Q2-2020,Spain,310747.30770500394,133976.22063019002,176771.08707481396,Q2-2020,China,1263615.7392521698
Q2-2020,Netherlands,243684.708505476,221676.78830806,22007.920197416017,Q2-2020,United States,428929.81943417806
Q2-2020,China,220348.508597432,189914.95065403,30433.557943402007,Q2-2020,India,322296.54111425404
Q2-2020,India,195550.877350904,147671.80943480998,47879.06791609399,Q2-2020,Netherlands,202856.668146776
Q2-2020,South Africa,172197.26560967098,171777.02009467,420.2455150009766,Q2-2020,Germany,157150.91817847997
Q2-2020,France,120249.44874675901,52372.822404239996,67876.62634251901,Q2-2020,Brazil,103958.036493
Q2-2020,Portugal,81285.989878815,40315.80921722,40970.180661595004,Q2-2020,Russia,98139.995322084
Q2-2020,Togo,74850.897865246,68939.06521098,5911.832654266006,Q2-2020,"Korea, South",87880.10631192
Q2-2020,Singapore,73150.740981702,59494.33955485,13656.401426851997,Q2-2020,United Kingdom,80897.651411417
Q2-2020,Indonesia,71591.300566936,67384.56938143,4206.731185506004,Q2-2020,Italy,70734.748003719
Q3-2020,India,500626.22523212293,444889.1406975,55737.084534622925,Q3-2020,China,1641866.901742352
Q3-2020,Spain,328468.49473188,282840.01635471,45628.478377170046,Q3-2020,United States,482253.336989478
Q3-2020,Netherlands,227756.69424106003,216702.55371,11054.140531060028,Q3-2020,Netherlands,443452.19984793995
Q3-2020,South Africa,203925.94723777001,200705.46159588,3220.4856418900144,Q3-2020,India,354085.45364456
Q3-2020,Turkey,150012.39343169,138747.79828542,11264.59514627002,Q3-2020,Belgium,212323.119689634
Q3-2020,France,142221.83616794,93015.473797,49206.362370940005,Q3-2020,Germany,192037.90546110002
Q3-2020,Portugal,139614.10292836002,89146.0862389,50468.01668946002,Q3-2020,Russia,154208.790826
Q3-2020,China,124859.44229073999,64085.005792,60774.43649873999,Q3-2020,United Kingdom,135330.68723173
Q3-2020,Italy,118409.07119024,117138.291326,1270.7798642400055,Q3-2020,Italy,123161.65339752201
Q3-2020,Ivory Coast,100688.73314714301,95312.60591310001,5376.127234043,Q3-2020,United Arab Emirates,114063.23724660401
